{
  "export_version": "0.060",
  "framed_nodes": {},
  "groups": {},
  "nodes": {
    "Convex Hull": {
      "bl_idname": "SvConvexHullNode",
      "color": [
        0.6079999804496765,
        0.6079999804496765,
        0.6079999804496765
      ],
      "height": 100.0,
      "hide": false,
      "label": "",
      "location": [
        -1443.867431640625,
        130.57821655273438
      ],
      "params": {},
      "width": 140.0
    },
    "Extrude Edges": {
      "bl_idname": "SvExtrudeEdgesNode",
      "color": [
        0.6079999804496765,
        0.6079999804496765,
        0.6079999804496765
      ],
      "height": 100.0,
      "hide": false,
      "label": "",
      "location": [
        -1040.6241455078125,
        195.09713745117188
      ],
      "params": {},
      "width": 140.0
    },
    "Extrude Separate": {
      "bl_idname": "SvExtrudeSeparateNode",
      "color": [
        0.6079999804496765,
        0.6079999804496765,
        0.6079999804496765
      ],
      "height": 100.0,
      "hide": false,
      "label": "",
      "location": [
        -783.7040405273438,
        181.87173461914062
      ],
      "params": {
        "height_": 0.08999998867511749,
        "scale_": 1.0
      },
      "width": 140.0
    },
    "Frame Info": {
      "bl_idname": "SvFrameInfoNode",
      "color": [
        0.0,
        0.5,
        0.20000000298023224
      ],
      "height": 100.0,
      "hide": false,
      "label": "",
      "location": [
        -2403.20263671875,
        -322.78179931640625
      ],
      "params": {},
      "width": 140.0
    },
    "Integer": {
      "bl_idname": "IntegerNode",
      "color": [
        0.6079999804496765,
        0.6079999804496765,
        0.6079999804496765
      ],
      "height": 100.0,
      "hide": false,
      "label": "",
      "location": [
        -2107.836669921875,
        -91.127685546875
      ],
      "params": {
        "int_": 6
      },
      "width": 140.0
    },
    "Integer.001": {
      "bl_idname": "IntegerNode",
      "color": [
        0.6079999804496765,
        0.6079999804496765,
        0.6079999804496765
      ],
      "height": 100.0,
      "hide": true,
      "label": "",
      "location": [
        -1617.9788818359375,
        -146.44265747070312
      ],
      "params": {},
      "width": 140.0
    },
    "List Input": {
      "bl_idname": "SvListInputNode",
      "color": [
        0.6079999804496765,
        0.6079999804496765,
        0.6079999804496765
      ],
      "height": 100.0,
      "hide": false,
      "label": "",
      "location": [
        -2131.969482421875,
        98.98145294189453
      ],
      "params": {
        "int_": 3,
        "int_list": [
          0,
          1,
          2,
          3,
          4,
          0,
          0,
          0,
          0,
          0,
          0,
          0,
          0,
          0,
          0,
          0,
          0,
          0,
          0,
          0,
          0,
          0,
          0,
          0,
          0,
          0,
          0,
          0,
          0,
          0,
          0,
          0
        ]
      },
      "width": 138.5316162109375
    },
    "List item": {
      "bl_idname": "ListItem2Node",
      "color": [
        0.6079999804496765,
        0.6079999804496765,
        0.6079999804496765
      ],
      "height": 100.0,
      "hide": false,
      "label": "",
      "location": [
        -1508.2998046875,
        -7.812932968139648
      ],
      "params": {
        "item": -6,
        "level": 2
      },
      "width": 140.0
    },
    "Matrix in": {
      "bl_idname": "MatrixGenNode",
      "color": [
        0.6079999804496765,
        0.6079999804496765,
        0.6079999804496765
      ],
      "height": 100.0,
      "hide": false,
      "label": "",
      "location": [
        -1312.2965087890625,
        -95.86238098144531
      ],
      "params": {},
      "width": 140.0
    },
    "NGon": {
      "bl_idname": "SvNGonNode",
      "color": [
        0.0,
        0.5,
        0.5
      ],
      "height": 100.0,
      "hide": false,
      "label": "",
      "location": [
        -1833.5335693359375,
        66.1103515625
      ],
      "params": {
        "rand_phi_": 0.0,
        "rand_r_": 0.0,
        "sides_": 6
      },
      "width": 140.0
    },
    "Sv Stethoscope Node": {
      "bl_idname": "SvStethoscopeNode",
      "color": [
        0.5,
        0.5,
        1.0
      ],
      "height": 100.0,
      "hide": false,
      "label": "",
      "location": [
        -1149.1795654296875,
        -309.556396484375
      ],
      "params": {
        "text_color": [
          0.949999988079071,
          0.949999988079071,
          0.949999988079071
        ]
      },
      "width": 140.0
    },
    "Viewer Draw2": {
      "bl_idname": "ViewerNode2",
      "color": [
        1.0,
        0.30000001192092896,
        0.0
      ],
      "height": 100.0,
      "hide": false,
      "label": "",
      "location": [
        -563.7040405273438,
        26.017059326171875
      ],
      "params": {
        "activate": 1
      },
      "width": 140.0
    },
    "function": {
      "bl_idname": "ScalarMathNode",
      "color": [
        0.6079999804496765,
        0.6079999804496765,
        0.6079999804496765
      ],
      "height": 100.0,
      "hide": false,
      "label": "",
      "location": [
        -1779.905517578125,
        -173.41929626464844
      ],
      "params": {
        "items_": "MUL",
        "y": 6.339999675750732
      },
      "width": 140.0
    },
    "function.001": {
      "bl_idname": "ScalarMathNode",
      "color": [
        0.6079999804496765,
        0.6079999804496765,
        0.6079999804496765
      ],
      "height": 100.0,
      "hide": false,
      "label": "",
      "location": [
        -1963.20263671875,
        -193.9921875
      ],
      "params": {
        "items_": "SINE",
        "y": 6.369999885559082
      },
      "width": 140.0
    },
    "function.002": {
      "bl_idname": "ScalarMathNode",
      "color": [
        0.6079999804496765,
        0.6079999804496765,
        0.6079999804496765
      ],
      "height": 100.0,
      "hide": false,
      "label": "",
      "location": [
        -2183.20263671875,
        -258.6498718261719
      ],
      "params": {
        "items_": "MUL",
        "y": 0.28000006079673767
      },
      "width": 140.0
    }
  },
  "update_lists": [
    [
      "Frame Info",
      "Current Frame",
      "function.002",
      "X"
    ],
    [
      "function.002",
      "float",
      "function.001",
      "X"
    ],
    [
      "function.001",
      "float",
      "function",
      "X"
    ],
    [
      "Integer",
      "Integer",
      "function",
      "Y"
    ],
    [
      "List Input",
      "List",
      "NGon",
      "Radius"
    ],
    [
      "Integer",
      "Integer",
      "NGon",
      "N Sides"
    ],
    [
      "NGon",
      "Vertices",
      "Convex Hull",
      "Vertices"
    ],
    [
      "function",
      "float",
      "Integer.001",
      "Integer"
    ],
    [
      "NGon",
      "Edges",
      "List item",
      "Data"
    ],
    [
      "Integer.001",
      "Integer",
      "List item",
      "Item"
    ],
    [
      "Convex Hull",
      "Vertices",
      "Extrude Edges",
      "Vertices"
    ],
    [
      "List item",
      "Item",
      "Extrude Edges",
      "Edg_Pol"
    ],
    [
      "Matrix in",
      "Matrix",
      "Extrude Edges",
      "Matrices"
    ],
    [
      "Extrude Edges",
      "Vertices",
      "Extrude Separate",
      "Vertices"
    ],
    [
      "Extrude Edges",
      "Polygons",
      "Extrude Separate",
      "Polygons"
    ],
    [
      "Extrude Separate",
      "Vertices",
      "Viewer Draw2",
      "vertices"
    ],
    [
      "Extrude Separate",
      "Polygons",
      "Viewer Draw2",
      "edg_pol"
    ],
    [
      "function",
      "float",
      "Sv Stethoscope Node",
      "Data"
    ]
  ]
}