{
  "export_version": "0.060",
  "framed_nodes": {},
  "groups": {},
  "nodes": {
    "List item": {
      "bl_idname": "ListItem2Node",
      "color": [
        0.6079999804496765,
        0.6079999804496765,
        0.6079999804496765
      ],
      "height": 100.0,
      "hide": false,
      "label": "",
      "location": [
        20.906150817871094,
        -110.86414337158203
      ],
      "params": {
        "item": 0
      },
      "width": 140.0
    },
    "Sphere": {
      "bl_idname": "SphereNode",
      "color": [
        0.0,
        0.5,
        0.5
      ],
      "height": 100.0,
      "hide": false,
      "label": "",
      "location": [
        -182.2667999267578,
        13.447540283203125
      ],
      "params": {
        "U_": 8,
        "V_": 6
      },
      "width": 140.0
    },
    "Viewer Draw2": {
      "bl_idname": "ViewerNode2",
      "color": [
        1.0,
        0.30000001192092896,
        0.0
      ],
      "height": 100.0,
      "hide": false,
      "label": "",
      "location": [
        339.1842041015625,
        205.7269287109375
      ],
      "params": {},
      "width": 140.0
    },
    "Viewer Draw2.001": {
      "bl_idname": "ViewerNode2",
      "color": [
        1.0,
        0.30000001192092896,
        0.0
      ],
      "height": 100.0,
      "hide": false,
      "label": "",
      "location": [
        345.7265319824219,
        -13.210569381713867
      ],
      "params": {
        "face_colors": [
          0.8989997506141663,
          0.07519255578517914,
          0.05677860230207443
        ]
      },
      "width": 140.0
    }
  },
  "update_lists": [
    [
      "Sphere",
      "Polygons",
      "List item",
      "Data"
    ],
    [
      "Sphere",
      "Vertices",
      "Viewer Draw2.001",
      "vertices"
    ],
    [
      "List item",
      "Item",
      "Viewer Draw2.001",
      "edg_pol"
    ],
    [
      "Sphere",
      "Vertices",
      "Viewer Draw2",
      "vertices"
    ],
    [
      "Sphere",
      "Polygons",
      "Viewer Draw2",
      "edg_pol"
    ]
  ]
}