{
  "export_version": "0.060",
  "framed_nodes": {},
  "groups": {},
  "nodes": {
    "Apply matrix for vectors": {
      "bl_idname": "MatrixApplyNode",
      "color": [
        0.6079999804496765,
        0.6079999804496765,
        0.6079999804496765
      ],
      "height": 100.0,
      "hide": true,
      "label": "",
      "location": [
        868.0116577148438,
        171.28936767578125
      ],
      "params": {},
      "width": 140.0
    },
    "Apply matrix for vectors.001": {
      "bl_idname": "MatrixApplyNode",
      "color": [
        0.6079999804496765,
        0.6079999804496765,
        0.6079999804496765
      ],
      "height": 100.0,
      "hide": true,
      "label": "",
      "location": [
        552.4595336914062,
        -110.1707534790039
      ],
      "params": {},
      "width": 140.0
    },
    "Frame Info": {
      "bl_idname": "SvFrameInfoNode",
      "color": [
        0.0,
        0.5,
        0.20000000298023224
      ],
      "height": 100.0,
      "hide": true,
      "label": "",
      "location": [
        -432.7742919921875,
        -242.6865234375
      ],
      "params": {},
      "width": 138.18890380859375
    },
    "Hilbert": {
      "bl_idname": "HilbertNode",
      "color": [
        0.6079999804496765,
        0.6079999804496765,
        0.6079999804496765
      ],
      "height": 100.0,
      "hide": false,
      "label": "",
      "location": [
        366.0375671386719,
        -6.838057518005371
      ],
      "params": {
        "level_": 3,
        "size_": 4.480000019073486
      },
      "width": 140.0
    },
    "Integer": {
      "bl_idname": "IntegerNode",
      "color": [
        0.6079999804496765,
        0.6079999804496765,
        0.6079999804496765
      ],
      "height": 100.0,
      "hide": true,
      "label": "",
      "location": [
        257.30926513671875,
        -298.9781494140625
      ],
      "params": {
        "int_": 0
      },
      "width": 140.0
    },
    "Integer.001": {
      "bl_idname": "IntegerNode",
      "color": [
        0.6079999804496765,
        0.6079999804496765,
        0.6079999804496765
      ],
      "height": 100.0,
      "hide": true,
      "label": "",
      "location": [
        338.66754150390625,
        -158.21669006347656
      ],
      "params": {
        "int_": 0
      },
      "width": 140.0
    },
    "List Sort MK2": {
      "bl_idname": "ListSortNodeMK2",
      "color": [
        0.6079999804496765,
        0.6079999804496765,
        0.6079999804496765
      ],
      "height": 100.0,
      "hide": false,
      "label": "",
      "location": [
        696.5198364257812,
        -97.75514221191406
      ],
      "params": {
        "level": 3
      },
      "width": 140.0
    },
    "Matrix in": {
      "bl_idname": "MatrixGenNode",
      "color": [
        0.6079999804496765,
        0.6079999804496765,
        0.6079999804496765
      ],
      "height": 100.0,
      "hide": true,
      "label": "",
      "location": [
        748.4902954101562,
        106.34768676757812
      ],
      "params": {},
      "width": 140.0
    },
    "Matrix in.001": {
      "bl_idname": "MatrixGenNode",
      "color": [
        0.6079999804496765,
        0.6079999804496765,
        0.6079999804496765
      ],
      "height": 100.0,
      "hide": true,
      "label": "",
      "location": [
        405.8603820800781,
        -263.5611572265625
      ],
      "params": {},
      "width": 140.0
    },
    "Matrix in.002": {
      "bl_idname": "MatrixGenNode",
      "color": [
        0.6079999804496765,
        0.6079999804496765,
        0.6079999804496765
      ],
      "height": 100.0,
      "hide": true,
      "label": "",
      "location": [
        1159.0474853515625,
        -185.88400268554688
      ],
      "params": {},
      "width": 140.0
    },
    "Plane": {
      "bl_idname": "PlaneNode",
      "color": [
        0.0,
        0.5,
        0.5
      ],
      "height": 100.0,
      "hide": true,
      "label": "",
      "location": [
        44.67547607421875,
        147.32034301757812
      ],
      "params": {},
      "width": 130.94403076171875
    },
    "Random Vector": {
      "bl_idname": "RandomVectorNode",
      "color": [
        0.0,
        0.5,
        0.5
      ],
      "height": 100.0,
      "hide": true,
      "label": "",
      "location": [
        -31.164520263671875,
        -153.7474365234375
      ],
      "params": {
        "count_inner": 1
      },
      "width": 140.0
    },
    "Vector Interpolation": {
      "bl_idname": "SvInterpolationNode",
      "color": [
        0.6079999804496765,
        0.6079999804496765,
        0.6079999804496765
      ],
      "height": 100.0,
      "hide": true,
      "label": "",
      "location": [
        963.4019775390625,
        -167.73019409179688
      ],
      "params": {
        "mode": "SPL",
        "t_in": 0.10000002384185791
      },
      "width": 140.0
    },
    "Vectors in": {
      "bl_idname": "GenVectorsNode",
      "color": [
        0.6079999804496765,
        0.6079999804496765,
        0.6079999804496765
      ],
      "height": 100.0,
      "hide": false,
      "label": "",
      "location": [
        50.64678955078125,
        59.42262649536133
      ],
      "params": {
        "x_": 13.389999389648438,
        "y_": 0.5,
        "z_": 0.0
      },
      "width": 100.0
    },
    "Vectors in.001": {
      "bl_idname": "GenVectorsNode",
      "color": [
        0.6079999804496765,
        0.6079999804496765,
        0.6079999804496765
      ],
      "height": 100.0,
      "hide": false,
      "label": "",
      "location": [
        417.84320068359375,
        160.9215545654297
      ],
      "params": {
        "x_": -2.629999876022339,
        "y_": -0.25,
        "z_": 0.0
      },
      "width": 100.0
    },
    "Vectors in.002": {
      "bl_idname": "GenVectorsNode",
      "color": [
        0.6079999804496765,
        0.6079999804496765,
        0.6079999804496765
      ],
      "height": 100.0,
      "hide": false,
      "label": "",
      "location": [
        107.58677673339844,
        -225.768798828125
      ],
      "params": {
        "x_": 0.009999871253967285,
        "y_": -3.140000104904175,
        "z_": 0.0
      },
      "width": 100.0
    },
    "Vectors polar out": {
      "bl_idname": "VectorPolarOutNode",
      "color": [
        0.6079999804496765,
        0.6079999804496765,
        0.6079999804496765
      ],
      "height": 100.0,
      "hide": true,
      "label": "",
      "location": [
        148.54495239257812,
        -159.92507934570312
      ],
      "params": {
        "angles_mode": "degrees",
        "coordinates": "theta"
      },
      "width": 100.0
    },
    "Viewer Draw2.002": {
      "bl_idname": "ViewerNode2",
      "color": [
        1.0,
        0.30000001192092896,
        0.0
      ],
      "height": 100.0,
      "hide": false,
      "label": "",
      "location": [
        1307.85498046875,
        113.97639465332031
      ],
      "params": {
        "activate": 1
      },
      "width": 140.0
    },
    "function": {
      "bl_idname": "ScalarMathNode",
      "color": [
        0.6079999804496765,
        0.6079999804496765,
        0.6079999804496765
      ],
      "height": 100.0,
      "hide": true,
      "label": "",
      "location": [
        750.3436279296875,
        -306.8062744140625
      ],
      "params": {},
      "width": 117.130615234375
    },
    "function.001": {
      "bl_idname": "ScalarMathNode",
      "color": [
        0.6079999804496765,
        0.6079999804496765,
        0.6079999804496765
      ],
      "height": 100.0,
      "hide": false,
      "label": "",
      "location": [
        568.4288940429688,
        -283.08367919921875
      ],
      "params": {
        "items_": "MUL",
        "y": 0.004999999888241291
      },
      "width": 140.0
    },
    "function.002": {
      "bl_idname": "ScalarMathNode",