{
  "export_version": "0.060",
  "framed_nodes": {},
  "groups": {},
  "nodes": {
    "Float.001": {
      "bl_idname": "FloatNode",
      "color": [
        0.6079999804496765,
        0.6079999804496765,
        0.6079999804496765
      ],
      "height": 100.0,
      "hide": false,
      "label": "",
      "location": [
        -474.8826904296875,
        142.414794921875
      ],
      "params": {
        "float_": 4.689999580383301
      },
      "width": 140.0
    },
    "Float.002": {
      "bl_idname": "FloatNode",
      "color": [
        0.6079999804496765,
        0.6079999804496765,
        0.6079999804496765
      ],
      "height": 100.0,
      "hide": false,
      "label": "",
      "location": [
        -1234.38134765625,
        -139.83197021484375
      ],
      "params": {
        "float_": 0.03999999910593033
      },
      "width": 140.0
    },
    "Frame Info": {
      "bl_idname": "SvFrameInfoNode",
      "color": [
        0.0,
        0.5,
        0.20000000298023224
      ],
      "height": 100.0,
      "hide": false,
      "label": "",
      "location": [
        -923.4359741210938,
        230.75506591796875
      ],
      "params": {},
      "width": 140.0
    },
    "Integer": {
      "bl_idname": "IntegerNode",
      "color": [
        0.6079999804496765,
        0.6079999804496765,
        0.6079999804496765
      ],
      "height": 100.0,
      "hide": false,
      "label": "",
      "location": [
        -1250.778076171875,
        59.08720779418945
      ],
      "params": {
        "int_": 5
      },
      "width": 140.0
    },
    "Integer.001": {
      "bl_idname": "IntegerNode",
      "color": [
        0.6079999804496765,
        0.6079999804496765,
        0.6079999804496765
      ],
      "height": 100.0,
      "hide": false,
      "label": "",
      "location": [
        -1233.658203125,
        -238.75323486328125
      ],
      "params": {
        "int_": 1
      },
      "width": 140.0
    },
    "List Join": {
      "bl_idname": "ListJoinNode",
      "color": [
        0.6079999804496765,
        0.6079999804496765,
        0.6079999804496765
      ],
      "height": 100.0,
      "hide": true,
      "label": "",
      "location": [
        -592.6883544921875,
        5.7609100341796875
      ],
      "params": {},
      "width": 140.0
    },
    "List Range Int": {
      "bl_idname": "GenListRangeIntNode",
      "color": [
        0.6079999804496765,
        0.6079999804496765,
        0.6079999804496765
      ],
      "height": 100.0,
      "hide": true,
      "label": "",
      "location": [
        -1024.667724609375,
        13.36114501953125
      ],
      "params": {
        "step_": 1,
        "stop_": 20
      },
      "width": 138.6400146484375
    },
    "List item": {
      "bl_idname": "ListItem2Node",
      "color": [
        0.6079999804496765,
        0.6079999804496765,
        0.6079999804496765
      ],
      "height": 100.0,
      "hide": true,
      "label": "",
      "location": [
        -416.8208923339844,
        -31.66413116455078
      ],
      "params": {
        "item": 1,
        "level": 1
      },
      "width": 140.0
    },
    "Switch": {
      "bl_idname": "SvSwitchNode",
      "color": [
        0.6079999804496765,
        0.6079999804496765,
        0.6079999804496765
      ],
      "height": 100.0,
      "hide": false,
      "label": "",
      "location": [
        441.8306579589844,
        153.49993896484375
      ],
      "params": {},
      "width": 140.0
    },
    "Vector Math": {
      "bl_idname": "VectorMathNode",
      "color": [
        0.6079999804496765,
        0.6079999804496765,
        0.6079999804496765
      ],
      "height": 100.0,
      "hide": false,
      "label": "CELL-V",
      "location": [
        107.01925659179688,
        89.95050048828125
      ],
      "params": {
        "items_": "CELL-V",
        "scalar_output_socket": 0
      },
      "width": 140.0
    },
    "Vector Noise": {
      "bl_idname": "SvNoiseNode",
      "color": [
        0.6079999804496765,
        0.6079999804496765,
        0.6079999804496765
      ],
      "height": 100.0,
      "hide": false,
      "label": "",
      "location": [
        266.3216247558594,
        -3.9968795776367188
      ],
      "params": {
        "noise_type": "VORONOI_CRACKLE"
      },
      "width": 140.0
    },
    "Vectors in": {
      "bl_idname": "GenVectorsNode",
      "color": [
        0.6079999804496765,
        0.6079999804496765,
        0.6079999804496765
      ],
      "height": 100.0,
      "hide": true,
      "label": "",
      "location": [
        -819.5439453125,
        49.9136848449707
      ],
      "params": {
        "x_": 20.60999870300293,
        "y_": -2.2199997901916504,
        "z_": -4.079999923706055
      },
      "width": 100.0
    },
    "Vectors in.001": {
      "bl_idname": "GenVectorsNode",
      "color": [
        0.6079999804496765,
        0.6079999804496765,
        0.6079999804496765
      ],
      "height": 100.0,
      "hide": true,
      "label": "",
      "location": [
        -814.0892333984375,
        -18.912071228027344
      ],
      "params": {
        "x_": 21.029998779296875,
        "y_": 19.5,
        "z_": 2.2200000286102295
      },
      "width": 100.0
    },
    "Vectors in.002": {
      "bl_idname": "GenVectorsNode",
      "color": [
        0.6079999804496765,
        0.6079999804496765,
        0.6079999804496765
      ],
      "height": 100.0,
      "hide": true,
      "label": "",
      "location": [
        -804.7511596679688,
        -68.64673614501953
      ],
      "params": {
        "x_": 20.279998779296875,
        "y_": -2.2199997901916504,
        "z_": 17.06999969482422
      },
      "width": 100.0
    },
    "Vectors in.003": {
      "bl_idname": "GenVectorsNode",
      "color": [
        0.6079999804496765,
        0.6079999804496765,
        0.6079999804496765
      ],
      "height": 100.0,
      "hide": true,
      "label": "",
      "location": [
        -796.2137451171875,
        -131.97711181640625
      ],
      "params": {
        "x_": 20.279998779296875,
        "y_": -2.2199997901916504,
        "z_": -3.7799997329711914
      },
      "width": 100.0
    },
    "Vectors polar in": {
      "bl_idname": "VectorPolarInNode",
      "color": [
        0.6079999804496765,
        0.6079999804496765,
        0.6079999804496765
      ],
      "height": 100.0,
      "hide": true,
      "label": "",
      "location": [
        -22.62836456298828,
        86.44624328613281
      ],
      "params": {
        "phi_": 2.0399999618530273,
        "rho_": 0.8999999761581421,
        "z_": -3.2699999809265137
      },
      "width": 100.0
    },
    "Vectors polar out": {
      "bl_idname": "VectorPolarOutNode",
      "color": [
        0.6079999804496765,
        0.6079999804496765,
        0.6079999804496765
      ],
      "height": 100.0,
      "hide": true,
      "label": "",
      "location": [
        -315.01239013671875,
        56.484649658203125
      ],
      "params": {
        "coordinates": "z"
      },
      "width": 100.0
    },
    "Viewer Draw2": {
      "bl_idname": "ViewerNode2",
      "color": [
        1.0,
        0.30000001192092896,
        0.0
      ],
      "height": 100.0,
      "hide": false,
      "label": "",
      "location": [
        832.6275634765625,
        197.83180236816406
      ],
      "params": {},
      "width": 140.0
    },
    "function": {
      "bl_idname": "ScalarMathNode",
      "color": [
        0.6079999804496765,
        0.6079999804496765,
        0.6079999804496765
      ],
      "height": 100.0,
      "hide": true,
      "label": "",
      "location": [
        -132.428955078125,
        61.54134750366211
      ],
      "params": {
        "items_": "ADD",
        "y": 0.0
      },
      "width": 140.0
    },
    "function.001": {
      "bl_idname": "ScalarMathNode",