{
  "export_version": "0.060",
  "framed_nodes": {},
  "groups": {},
  "nodes": {
    "Frame Info": {
      "bl_idname": "SvFrameInfoNode",
      "color": [
        0.0,
        0.5,
        0.20000000298023224
      ],
      "height": 100.0,
      "hide": false,
      "label": "",
      "location": [
        -585.3661499023438,
        152.26791381835938
      ],
      "params": {},
      "width": 140.0
    },
    "List repeater": {
      "bl_idname": "ListRepeaterNode",
      "color": [
        0.6079999804496765,
        0.6079999804496765,
        0.6079999804496765
      ],
      "height": 100.0,
      "hide": false,
      "label": "",
      "location": [
        681.7593994140625,
        60.32829284667969
      ],
      "params": {
        "level": 1,
        "number": 2,
        "unwrap": 0
      },
      "width": 140.0
    },
    "Mirror": {
      "bl_idname": "SvMirrorNode",
      "color": [
        0.6079999804496765,
        0.6079999804496765,
        0.6079999804496765
      ],
      "height": 100.0,
      "hide": false,
      "label": "",
      "location": [
        21.759429931640625,
        63.295562744140625
      ],
      "params": {
        "mode": "VERTEX"
      },
      "width": 140.0
    },
    "Random": {
      "bl_idname": "RandomNode",
      "color": [
        0.6079999804496765,
        0.6079999804496765,
        0.6079999804496765
      ],
      "height": 100.0,
      "hide": false,
      "label": "",
      "location": [
        -560.9678344726562,
        20.494823455810547
      ],
      "params": {
        "count_inner": 1,
        "seed": 15.029997825622559
      },
      "width": 140.0
    },
    "Random.001": {
      "bl_idname": "RandomNode",
      "color": [
        0.6079999804496765,
        0.6079999804496765,
        0.6079999804496765
      ],
      "height": 100.0,
      "hide": false,
      "label": "",
      "location": [
        -464.49053955078125,
        -134.3766632080078
      ],
      "params": {
        "count_inner": 4,
        "seed": 4.589999675750732
      },
      "width": 140.0
    },
    "Scale": {
      "bl_idname": "SvScaleNode",
      "color": [
        0.6079999804496765,
        0.6079999804496765,
        0.6079999804496765
      ],
      "height": 100.0,
      "hide": false,
      "label": "",
      "location": [
        241.75942993164062,
        43.01432800292969
      ],
      "params": {
        "factor_": 5.559999942779541
      },
      "width": 140.0
    },
    "Vector Noise": {
      "bl_idname": "SvNoiseNode",
      "color": [
        0.6079999804496765,
        0.6079999804496765,
        0.6079999804496765
      ],
      "height": 100.0,
      "hide": false,
      "label": "",
      "location": [
        461.7594299316406,
        15.6651611328125
      ],
      "params": {
        "noise_type": "VORONOI_F2"
      },
      "width": 140.0
    },
    "Vectors in": {
      "bl_idname": "GenVectorsNode",
      "color": [
        0.6079999804496765,
        0.6079999804496765,
        0.6079999804496765
      ],
      "height": 100.0,
      "hide": false,
      "label": "",
      "location": [
        -191.69158935546875,
        -68.70899963378906
      ],
      "params": {
        "x_": 0.0,
        "z_": 0.0
      },
      "width": 100.0
    },
    "Vectors polar in": {
      "bl_idname": "VectorPolarInNode",
      "color": [
        0.6079999804496765,
        0.6079999804496765,
        0.6079999804496765
      ],
      "height": 100.0,
      "hide": false,
      "label": "",
      "location": [
        -120.96783447265625,
        117.34468078613281
      ],
      "params": {
        "phi_": 220.49998474121094,
        "rho_": 1.9800000190734863,
        "z_": 0.0
      },
      "width": 100.0
    },
    "Viewer Draw2": {
      "bl_idname": "ViewerNode2",
      "color": [
        1.0,
        0.30000001192092896,
        0.0
      ],
      "height": 100.0,
      "hide": false,
      "label": "",
      "location": [
        901.7593994140625,
        91.46771240234375
      ],
      "params": {},
      "width": 140.0
    },
    "function": {
      "bl_idname": "ScalarMathNode",
      "color": [
        0.6079999804496765,
        0.6079999804496765,
        0.6079999804496765
      ],
      "height": 100.0,
      "hide": true,
      "label": "",
      "location": [
        -361.4111633300781,
        102.82719421386719
      ],
      "params": {
        "items_": "MUL",
        "y": -0.010000016540288925
      },
      "width": 140.0
    }
  },
  "update_lists": [
    [
      "Random",
      "Random",
      "Vectors in",
      "X"
    ],
    [
      "Random.001",
      "Random",
      "Vectors in",
      "Y"
    ],
    [
      "Frame Info",
      "Current Frame",
      "function",
      "X"
    ],
    [
      "Random",
      "Random",
      "Vectors polar in",
      "rho"
    ],
    [
      "function",
      "float",
      "Vectors polar in",
      "phi"
    ],
    [
      "Vectors polar in",
      "Vectors",
      "Mirror",
      "Vertices"
    ],
    [
      "Vectors in",
      "Vectors",
      "Mirror",
      "Vert A"
    ],
    [
      "Mirror",
      "Vertices",
      "Scale",
      "Vertices"
    ],
    [
      "Scale",
      "Vertices",
      "Vector Noise",
      "Vertices"
    ],
    [
      "Vector Noise",
      "Noise V",
      "List repeater",
      "Data"
    ],
    [
      "List repeater",
      "Data",
      "Viewer Draw2",
      "vertices"
    ]
  ]
}