{
  "export_version": "0.060",
  "framed_nodes": {},
  "groups": {},
  "nodes": {
    "Circle": {
      "bl_idname": "SvCircleNode",
      "color": [
        0.0,
        0.5,
        0.5
      ],
      "height": 100.0,
      "hide": false,
      "label": "",
      "location": [
        1221.9830322265625,
        636.04248046875
      ],
      "params": {
        "degr_": 6.280567169189453,
        "mode_": 1,
        "rad_": 1.0299999713897705,
        "vert_": 4
      },
      "width": 140.0
    },
    "Kdtree search": {
      "bl_idname": "SvKDTreeNode",
      "color": [
        0.6079999804496765,
        0.6079999804496765,
        0.6079999804496765
      ],
      "height": 100.0,
      "hide": false,
      "label": "",
      "location": [
        1518.2904052734375,
        609.278076171875
      ],
      "params": {
        "mode": "FIND"
      },
      "width": 140.0
    },
    "NGon": {
      "bl_idname": "SvNGonNode",
      "color": [
        0.0,
        0.5,
        0.5
      ],
      "height": 100.0,
      "hide": false,
      "label": "",
      "location": [
        1233.7430419921875,
        440.84619140625
      ],
      "params": {
        "rad_": 0.9400001764297485,
        "rand_phi_": 0.0,
        "rand_r_": 0.0,
        "rand_seed_": -3.239999771118164,
        "shift_": 0,
        "sides_": 10
      },
      "width": 140.0
    },
    "Viewer Draw2": {
      "bl_idname": "ViewerNode2",
      "color": [
        1.0,
        0.30000001192092896,
        0.0
      ],
      "height": 100.0,
      "hide": false,
      "label": "",
      "location": [
        1704.40576171875,
        43.213775634765625
      ],
      "params": {},
      "width": 140.0
    },
    "Viewer Draw2.001": {
      "bl_idname": "ViewerNode2",
      "color": [
        1.0,
        0.30000001192092896,
        0.0
      ],
      "height": 100.0,
      "hide": false,
      "label": "",
      "location": [
        1861.1943359375,
        600.4031982421875
      ],
      "params": {},
      "width": 140.0
    }
  },
  "update_lists": [
    [
      "Circle",
      "Vertices",
      "Kdtree search",
      "Verts"
    ],
    [
      "NGon",
      "Vertices",
      "Kdtree search",
      "Check Verts"
    ],
    [
      "Kdtree search",
      "proxima .co",
      "Viewer Draw2.001",
      "vertices"
    ],
    [
      "NGon",
      "Polygons",
      "Viewer Draw2.001",
      "edg_pol"
    ]
  ]
}