{
  "export_version": "0.062",
  "framed_nodes": {},
  "groups": {},
  "nodes": {
    "Apply matrix for vectors": {
      "bl_idname": "MatrixApplyNode",
      "color": [
        0.6079999804496765,
        0.6079999804496765,
        0.6079999804496765
      ],
      "height": 100.0,
      "hide": false,
      "label": "",
      "location": [
        443.4667663574219,
        166.694091796875
      ],
      "params": {},
      "width": 140.0
    },
    "Apply matrix for vectors.001": {
      "bl_idname": "MatrixApplyNode",
      "color": [
        0.6079999804496765,
        0.6079999804496765,
        0.6079999804496765
      ],
      "height": 100.0,
      "hide": false,
      "label": "",
      "location": [
        801.3182373046875,
        522.6377563476562
      ],
      "params": {},
      "width": 140.0
    },
    "Apply matrix to mesh": {
      "bl_idname": "SvMatrixApplyJoinNode",
      "color": [
        0.6079999804496765,
        0.6079999804496765,
        0.6079999804496765
      ],
      "height": 100.0,
      "hide": false,
      "label": "",
      "location": [
        704.0215454101562,
        222.79202270507812
      ],
      "params": {},
      "width": 140.0
    },
    "Box": {
      "bl_idname": "SvBoxNode",
      "color": [
        0.0,
        0.5,
        0.5
      ],
      "height": 100.0,
      "hide": false,
      "label": "",
      "location": [
        268.36163330078125,
        383.1502990722656
      ],
      "params": {},
      "width": 140.0
    },
    "Box.001": {
      "bl_idname": "SvBoxNode",
      "color": [
        0.0,
        0.5,
        0.5
      ],
      "height": 100.0,
      "hide": false,
      "label": "",
      "location": [
        481.79266357421875,
        602.7009887695312
      ],
      "params": {
        "Size": 1.059999942779541
      },
      "width": 140.0
    },
    "Extrude Separate": {
      "bl_idname": "SvExtrudeSeparateNode",
      "color": [
        0.6079999804496765,
        0.6079999804496765,
        0.6079999804496765
      ],
      "height": 100.0,
      "hide": false,
      "label": "",
      "location": [
        1019.2027587890625,
        488.43768310546875
      ],
      "params": {
        "height_": 0.059999994933605194,
        "scale_": 0.9100000262260437
      },
      "width": 140.0
    },
    "Float.001": {
      "bl_idname": "FloatNode",
      "color": [
        0.6079999804496765,
        0.6079999804496765,
        0.6079999804496765
      ],
      "height": 100.0,
      "hide": false,
      "label": "",
      "location": [
        -267.6107177734375,
        592.5426025390625
      ],
      "params": {
        "float_": 0.3099999725818634
      },
      "width": 152.18118286132812
    },
    "Float.002": {
      "bl_idname": "FloatNode",
      "color": [
        0.6079999804496765,
        0.6079999804496765,
        0.6079999804496765
      ],
      "height": 100.0,
      "hide": false,
      "label": "large",
      "location": [
        -531.8278198242188,
        186.502197265625
      ],
      "params": {
        "float_": 1.0600000619888306
      },
      "width": 140.0
    },
    "Float.003": {
      "bl_idname": "FloatNode",
      "color": [
        0.6079999804496765,
        0.6079999804496765,
        0.6079999804496765
      ],
      "height": 100.0,
      "hide": false,
      "label": "long",
      "location": [
        -527.252197265625,
        72.79214477539062
      ],
      "params": {
        "float_": 1.149999976158142
      },
      "width": 140.0
    },
    "Line": {
      "bl_idname": "LineNode",
      "color": [
        0.0,
        0.5,
        0.5
      ],
      "height": 100.0,
      "hide": false,
      "label": "",
      "location": [
        -97.2724609375,
        220.2799530029297
      ],
      "params": {
        "int_": 5,
        "step_": 0.3399999737739563
      },
      "width": 140.0
    },
    "List Join": {
      "bl_idname": "ListJoinNode",
      "color": [
        0.6079999804496765,
        0.6079999804496765,
        0.6079999804496765
      ],
      "height": 100.0,
      "hide": false,
      "label": "",
      "location": [
        1361.9263916015625,
        247.95559692382812
      ],
      "params": {},
      "width": 140.0
    },
    "List Join.001": {
      "bl_idname": "ListJoinNode",
      "color": [
        0.6079999804496765,
        0.6079999804496765,
        0.6079999804496765
      ],
      "height": 100.0,
      "hide": false,
      "label": "",
      "location": [
        1443.344970703125,
        496.0513610839844
      ],
      "params": {
        "mix_check": 0,
        "wrap_check": 0
      },
      "width": 140.0
    },
    "Matrix in": {
      "bl_idname": "MatrixGenNode",
      "color": [
        0.6079999804496765,
        0.6079999804496765,
        0.6079999804496765
      ],
      "height": 100.0,
      "hide": false,
      "label": "",
      "location": [
        427.81640625,
        -10.849102020263672
      ],
      "params": {},
      "width": 140.0
    },
    "Matrix in.001": {
      "bl_idname": "MatrixGenNode",
      "color": [
        0.6079999804496765,
        0.6079999804496765,
        0.6079999804496765
      ],
      "height": 100.0,
      "hide": false,
      "label": "",
      "location": [
        243.19821166992188,
        139.10357666015625
      ],
      "params": {},
      "width": 140.0
    },
    "Matrix in.002": {
      "bl_idname": "MatrixGenNode",
      "color": [
        0.6079999804496765,
        0.6079999804496765,
        0.6079999804496765
      ],
      "height": 100.0,
      "hide": false,
      "label": "",
      "location": [
        715.169189453125,
        377.2152404785156
      ],
      "params": {},
      "width": 140.0
    },
    "Mesh Join": {
      "bl_idname": "SvMeshJoinNode",
      "color": [
        0.6079999804496765,
        0.6079999804496765,
        0.6079999804496765
      ],
      "height": 100.0,
      "hide": false,
      "label": "",
      "location": [
        1679.9969482421875,
        380.12603759765625
      ],
      "params": {},
      "width": 140.0
    },
    "Mesh Join.001": {
      "bl_idname": "SvMeshJoinNode",
      "color": [
        0.6079999804496765,
        0.6079999804496765,
        0.6079999804496765
      ],
      "height": 100.0,
      "hide": false,
      "label": "",
      "location": [
        1223.1409912109375,
        490.6024475097656
      ],
      "params": {},
      "width": 140.0
    },
    "Rotation": {
      "bl_idname": "SvRotationNode",
      "color": [
        0.6079999804496765,
        0.6079999804496765,
        0.6079999804496765
      ],
      "height": 100.0,
      "hide": false,
      "label": "",
      "location": [
        97.06458282470703,
        16.66448402404785
      ],
      "params": {
        "mode": "EULER",
        "y_": -90.0
      },
      "width": 140.0
    },
    "Vectors in": {
      "bl_idname": "GenVectorsNode",
      "color": [
        0.6079999804496765,
        0.6079999804496765,
        0.6079999804496765
      ],
      "height": 100.0,
      "hide": false,
      "label": "",
      "location": [
        481.5544738769531,
        354.2801513671875
      ],
      "params": {
        "x_": 1.100000023841858,
        "y_": 1.100000023841858,
        "z_": 2.25
      },
      "width": 129.2349853515625
    },
    "Vectors in.001": {
      "bl_idname": "GenVectorsNode",
      "color": [
        0.6079999804496765,
        0.6079999804496765,
        0.6079999804496765
      ],
      "height": 100.0,
      "hide": false,
      "label": "",
      "location": [
        345.6018981933594,
        543.5140380859375
      ],
      "params": {
        "x_": 0.0,
        "z_": 2.009999990463257
      },
      "width": 100.0
    },
    "Vectors in.002": {
      "bl_idname": "GenVectorsNode",
      "color": [
        0.6079999804496765,
        0.6079999804496765,
        0.6079999804496765
      ],
      "height": 100.0,
      "hide": false,
      "label": "",